customer_name,customer_mail,country,gender,age,annual_salary,credit_card_debt,net_worth,car_purchase_amount
Carla Hester,mi@Aliquamerat.edu,Liberia,1,56.82489312,68499.85162,14179.47244,428485.3604,56611.99784
Dominic Hughes,cursus.vestibulum.Mauris@pedenonummy.com,Nepal,1,43.03106903,69175.19403,6039.594519,325701.4083,42408.02625
Quincy Bell,in@Duisgravida.co.uk,Timor-Leste,0,55.27514264,70787.27764,10155.34095,853913.8532,68925.09447
Blaine Bender,ultrices.posuere.cubilia@pedenonummyut.net,Tokelau,0,44.74219952,63259.87837,11495.54999,370356.2223,41814.72067
Francis,Phasellus@estcongue.ca,Solomon Islands,0,39.14103529,66680.2741,10263.14899,556945.8742,44430.63323
"Jenkins, Hasad P.",adipiscing.elit.Aliquam@Utsagittislobortis.co.uk,Saint Martin,1,46.55637266,55657.65681,9625.399586,377424.6157,39270.57909
Jade Cunningham,malesuada@dignissim.com,Cook Islands,1,58.27136945,79370.03798,14426.16485,548599.0524,67422.36313
Pamela M. Cantu,posuere.enim.nisl@lectusNullam.ca,China,0,47.05691571,62311.11641,9832.05731,830430.3692,56563.98675
Florence,eros@faucibus.com,"Virgin Islands, British",0,45.75422949,63172.95729,6332.2019,456524.7944,45112.94547
Rowan Kidd,sapien.Aenean.massa@adipiscing.ca,Paraguay,1,42.05808927,46689.4159,7829.565502,615765.9289,37348.13737
Oleg Gordon,Nunc.sollicitudin.commodo@blanditat.co.uk,Saint Lucia,1,46.07172662,73476.42249,9656.806156,386287.0208,49142.51174
"Gregory, Reuben Z.",fermentum@blanditviverra.ca,Martinique,1,39.6048097,70381.37499,6718.857016,305253.2658,39606.24598
Aileen,venenatis.lacus@nuncQuisque.edu,Chile,0,42.64066561,56687.93949,10827.1614,790116.4252,48516.84335
Castor Wood,velit.Pellentesque@Nulla.net,Dominican Republic,1,40.24532734,62891.86556,12522.94052,583230.976,43994.35972
Lyle,nascetur@amet.org,New Caledonia,0,51.52532667,48746.71666,3923.407178,217188.4056,34922.42846
Todd,egestas.a@vel.ca,New Zealand,0,43.54252824,65364.06334,7839.414396,579640.7982,48052.65091
Ulric Lynn,sociis@vulputateveliteu.com,Colombia,0,28.0096755,82842.53385,13102.15805,315775.3207,37161.55393
Orli Casey,nunc.est.mollis@Suspendissetristiqueneque.co.uk,Czech Republic,1,50.19301623,51752.23445,10985.69656,629312.4041,47434.98265
Tatyana,sem@parturientmontesnascetur.net,Norfolk Island,0,25.17989327,45092.74073,11380.09288,158758.3577,9000.0
Lionel Mcclure,odio.auctor.vitae@placeratorcilacus.edu,Saudi Arabia,1,30.34945876,61922.8971,10366.50326,323453.2022,27586.71854
Uriel Bradshaw,ultrices@Integersemelit.com,Turkey,1,22.00038672,43131.78411,10917.14094,326742.7352,10092.22509
Kermit Fuentes,ac@sedpedeCum.org,Curaçao,0,52.51683609,54382.7481,6940.056371,191168.4476,38172.83602
Gloria,Curabitur.egestas.nunc@fermentumfermentum.ca,Gambia,0,54.87954467,64430.07398,6924.106833,664862.0102,59538.40327
Solomon Atkinson,Aliquam@laoreet.net,Israel,0,42.91579507,45721.66835,14250.52398,790526.5507,42592.88647
Victor Yang,arcu.Vivamus.sit@egestasSed.com,Andorra,1,42.10214563,53427.46192,7903.103591,238529.6336,30240.60975
Tanek Koch,blandit@nunc.org,Sierra Leone,0,40.42154558,70051.94033,4701.316175,613706.5421,49050.85378
"Collier, Xerxes Q.",eu@magnaLorem.org,Lithuania,0,43.00071798,74834.57117,9366.027561,712233.8241,56764.44728
Burton Carroll,rhoncus.id.mollis@Maurisvel.org,Algeria,0,42.144445,60432.40367,11417.46257,415005.3584,39331.20127
Barry Larsen,Praesent.eu.dui@bibendumsed.com,Wallis and Futuna,0,57.45859813,68090.5087,6181.970908,316064.0338,53655.53859
"Stafford, Berk Y.",Quisque@ultriciessem.net,Dominican Republic,0,42.99229711,60325.20676,10128.1151,62149.94034,29754.66271
"Wolf, Tashya X.",nulla.Integer.vulputate@eutelluseu.edu,Anguilla,1,40.39729481,71193.72803,3854.733177,762832.2606,53993.44322
Otto Thomas,orci.tincidunt.adipiscing@erat.edu,Cocos (Keeling) Islands,0,51.22046152,63552.85175,9347.50353,474763.4696,50455.11935
Benjamin,nisi.Mauris.nulla@vitaeodiosagittis.ca,Faroe Islands,0,61.22472501,61639.76386,17870.63765,684209.551,63868.94051
Calvin A. Lancaster,ante.bibendum.ullamcorper@fringilla.net,South Africa,1,28.74024358,69171.95281,6354.833826,613104.784,38705.65839
Paula,Nam@enimmitempor.com,Northern Mariana Islands,1,44.70222518,63845.77186,7761.848528,505048.7599,46012.10616
Tanner Johnson,blandit.at@vulputateullamcorpermagna.org,Kiribati,1,46.02807589,49398.74439,6994.617316,174525.8426,29425.83001
"Watson, Moana M.",ipsum.Suspendisse@diamDuismi.org,Afghanistan,0,51.08481106,84120.95497,9596.513091,27888.74525,48955.85816
Lev Kramer,eu.odio@tristique.org,Kyrgyzstan,1,42.69528911,59195.82899,8634.376791,573054.3808,43680.91327
Hector F. Leblanc,Curabitur@maurisaliquameu.net,Guernsey,0,64.05419444,61666.2852,11672.72382,299854.2186,55125.93237
Devin Humphrey,sodales.Mauris@ametornare.ca,Greece,0,46.86775698,48123.36983,921.5340234,405550.1689,36112.79346
Winter,egestas.urna.justo@maurissagittis.edu,Wallis and Futuna,0,42.90018665,77665.17195,13308.87932,349588.5608,47760.66427
"Smith, Nola H.",orci.lacus.vestibulum@gravidasit.co.uk,Saint Vincent and The Grenadines,1,47.21795133,59205.89035,2689.317953,856287.1522,55700.83389
Melodie,facilisi.Sed@tortordictum.com,"Korea, South",1,61.70429878,66655.4142,8001.644302,805075.5197,70598.96768
Leila F. Hubbard,ultrices.posuere.cubilia@magnisdis.com,Samoa,1,45.19479436,74173.39239,11315.59626,521404.2386,52709.08196
Wing Parks,sagittis@magnased.ca,San Marino,1,41.85495363,69946.93924,9010.648633,778537.2095,54973.02495
Lana S. Pace,augue@orci.com,Cape Verde,1,46.60008704,54279.39597,5699.184814,124979.0501,31215.6421
Lawrence Ryan,condimentum@duilectus.co.uk,Tunisia,0,59.77886094,54122.87827,15164.87506,254617.2609,45977.12502
Len Phillips,libero.lacus@Suspendisseseddolor.net,Cameroon,1,42.37110355,44376.62221,13865.09055,259049.2824,25971.95673
Rashad Harper,auctor@arcuimperdiet.ca,Timor-Leste,0,31.74162964,73768.12453,8132.073716,562663.8116,42356.6895
"Delgado, Jasper U.",lacinia@posuere.ca,Isle of Man,1,57.80193013,64426.59613,9514.645028,137601.844,46710.52519
Edward,rutrum.urna@faucibusidlibero.co.uk,Greenland,1,35.05685897,55418.75606,8837.654857,312927.9187,27586.20078
Reed Roman,laoreet.libero@laoreetlectus.com,Anguilla,0,39.90467755,69506.62127,5449.471997,409293.2658,42384.05128
Anjolie A. Galloway,consequat.nec.mollis@nec.ca,Marshall Islands,0,44.35361663,56437.30404,10461.98276,249182.7848,34139.6373
Baker Norton,convallis@purus.net,Jersey,1,38.7080482,69142.08412,8707.511532,399124.4489,40879.19107
Gannon Nguyen,et.rutrum.eu@congue.net,Kenya,0,50.41432737,71693.44742,14421.48298,517480.0937,55592.70383
Jelani F. Pace,Morbi@atarcuVestibulum.co.uk,Saint Barthélemy,1,39.84583613,63210.76235,3657.863218,664431.3966,46188.83514
Samson N. Wagner,magna@sagittisaugueeu.org,Saint Barthélemy,1,54.73045672,72302.03223,10813.75655,234159.0793,51355.7106
Quinlan Harris,libero.nec@adipiscing.org,Kiribati,1,56.04151533,67015.19372,13000.41369,355157.6417,52991.52667
Mia,sed.est@afelisullamcorper.edu,Turkmenistan,1,50.76936195,50153.43545,6596.01369,266939.1746,36517.70996
"Rodriguez, Basia D.",Vestibulum@lobortis.org,Senegal,0,57.70495365,73512.41269,11054.27478,236420.9695,54606.18769
Sandra J. Huber,enim@famesac.org,Benin,0,56.77294754,59168.00751,10474.44187,623487.5952,56973.18105
Dean Snider,tempus@sit.ca,Christmas Island,0,35.04323865,54355.7595,10008.76797,573052.0119,34521.17618
"Rivers, Sonya A.",vel.lectus@Praesent.net,India,1,57.10507937,56066.07685,5235.7599,497876.2478,51866.48719
"England, Abel D.",enim.commodo@parturientmontesnascetur.org,Åland Islands,1,46.34274109,82425.64679,7525.252104,684273.5913,63038.20422
Damon K. Boone,nec@ad.net,French Southern Territories,1,42.80386517,54749.88645,7631.687821,152883.3519,29092.1311
"Oneill, Tiger A.",orci.Phasellus@ut.org,Maldives,0,51.10053283,72262.20245,12124.82386,187821.0958,46935.72774
Nola,elit@Fuscealiquamenim.ca,Montenegro,0,31.98877902,60584.85458,8133.45931,129635.6343,22599.45863
Indira A. Aguilar,erat.Sed.nunc@aneque.ca,"Virgin Islands, United States",1,32.78689927,47211.66812,4295.225339,539365.9366,27625.44144
"Ortiz, Drew P.",tincidunt@vel.edu,Seychelles,0,51.56054437,49393.46784,11521.6189,475263.2759,42793.9932
Drake D. Gray,orci.consectetuer@porttitor.com,Mauritania,1,38.93027639,55285.98625,17462.07506,734443.6969,42990.29255
"Blackburn, Joel Y.",semper@tristique.co.uk,"Korea, South",1,52.90793462,75381.07571,7925.059589,545125.9592,60567.18837
Hammett F. Marsh,tempus.scelerisque@maurisaliquam.ca,Iraq,1,54.22262982,58011.6339,9822.426192,552454.0263,52116.90791
Amery Cortez,semper.et.lacinia@Morbiquisurna.ca,Suriname,1,49.85387098,47460.54809,7405.534271,430624.8142,38978.67458
Moses Blackburn,et.malesuada.fames@musProin.edu,Madagascar,0,50.96113207,75116.10613,5969.666602,232607.3907,49721.31082
Stone Koch,facilisis.Suspendisse@Duissit.ca,Guadeloupe,1,43.05947066,42375.21424,6062.60136,510039.1484,32700.27871
"Valdez, Joy U.",lobortis.quam@velarcueu.org,Guinea,1,43.05089188,66813.664,15458.68867,600685.1915,49065.1634
Mark V. Vaughn,Morbi.vehicula@ac.net,Israel,1,46.27084405,77146.27598,7903.33495,418764.5061,52313.98392
Demetria,Donec.at@sedlibero.net,Slovakia,0,44.02366242,64961.39305,6885.723977,265717.2542,39135.03023
Colleen S. Mcguire,tincidunt@Proinsedturpis.edu,Grenada,0,43.50671123,65529.70333,3932.838165,353929.5495,41575.34739
Armando Hensley,Class.aptent@torquentper.com,Cape Verde,1,42.24181684,55207.45679,9976.434857,286062.5162,32737.80177
Jamal Stephenson,lorem.lorem@in.edu,Vanuatu,1,55.15697275,75571.20188,12887.54899,416540.299,58840.53964
Ferdinand Weber,metus.Vivamus@vitaeposuere.org,Suriname,1,32.09408141,20000.0,14261.80773,579181.6552,12895.71468
Denise,montes@inconsectetuer.edu,Niue,0,61.70872559,40387.9207,5761.401538,622569.5959,50539.90169
Griffin Rivera,vehicula@at.co.uk,Syria,1,46.60731485,39814.522,5958.460188,326373.1812,28925.70549
"Rosario, Elijah N.",In@non.com,Grenada,1,51.42349784,70275.68706,10359.17579,253181.9789,47984.12043
"Mayer, Paki D.",Nunc.lectus.pede@egestasrhoncus.com,Somalia,0,33.24696771,54912.44043,8203.56263,537572.1338,32291.18978
"Morales, Halla M.",elit.elit.fermentum@erosturpisnon.org,United States Minor Outlying Islands,0,52.51971144,43019.8475,8527.034281,454791.7251,39422.79389
Marvin Garner,in@sed.org,Djibouti,0,34.16409192,65919.59731,7594.363993,543789.7212,39433.40631
Nolan Conner,feugiat@felisNulla.org,Bolivia,1,45.49732494,51906.85022,13686.96935,85520.85055,27810.21814
Phelan Montoya,magna.tellus.faucibus@etmalesuadafames.co.uk,Yemen,0,51.03137709,85186.48921,12413.0319,546630.5284,64545.16339
"Decker, Jolie T.",pellentesque.massa.lobortis@facilisis.net,Kyrgyzstan,1,41.27000968,65826.12291,11715.3714,416748.7309,41679.7929
Nasim Ryan,est.congue.a@convalliserat.net,Cocos (Keeling) Islands,0,56.68908614,68782.15718,9810.75269,350157.8394,54387.27727
Judith,vel.nisl.Quisque@mollisPhasellus.co.uk,Poland,0,42.5273855,49463.0635,6478.156506,201636.866,27303.17104
Jerome Rowe,ipsum.cursus@dui.org,Sint Maarten,1,50.12992275,73348.70745,8270.707359,612738.6171,59045.51309
"Park, Quincy A.",amet.consectetuer@orciinconsequat.ca,Antarctica,0,56.72544675,65980.95617,7009.186038,173272.8954,47715.96049
Ralph Rich,et@tellus.edu,Tuvalu,0,37.37157248,47399.22827,14562.64194,537744.1324,31540.77868
Ila Farrell,lacus@velit.edu,Sint Maarten,1,44.30297784,55406.46215,9522.576495,523251.2663,41456.68097
Fredericka Sanders,Curabitur@Infaucibus.ca,Ethiopia,0,50.51602163,52263.69806,8838.759509,213040.9606,35928.52404
"Stephens, Tanner E.",egestas@turpisnecmauris.com,Mozambique,0,47.78541236,67080.6142,7880.423663,244188.0008,42866.21274
Peter Maynard,vel.est.tempor@egetvenenatisa.com,Guinea,1,44.10061144,47592.04749,13167.65763,473101.0273,35438.80549
Igor,Proin.eget@aliquetnecimperdiet.org,Grenada,0,36.51447117,43739.97829,5933.177726,517110.9454,28164.86039
Michelle R. Burke,dui@justo.ca,Mauritania,1,41.37223373,60657.59355,3331.304747,392177.789,38148.00163
Avye,Cras@eros.net,Armenia,0,32.30887578,73558.87334,11164.52652,301245.7708,35139.24793
Christian Hernandez,dolor@vehiculaPellentesque.co.uk,Kyrgyzstan,1,49.93151869,55293.50777,9465.090098,629764.2743,49220.0218
Florence U. Hunter,diam@tellus.org,Ethiopia,0,46.75803824,50694.42707,10881.90102,587858.6295,42747.53925
Stone,neque.non@iaculisaliquet.edu,Colombia,1,40.20456044,36960.76994,1768.874438,630120.001,30736.5798
Allen Burke,eu.ultrices@In.edu,Pakistan,1,38.60885156,59316.93704,12296.34158,510811.3695,38504.39444
"Hopper, Orson W.",luctus@magnaseddui.net,Tunisia,1,47.55430896,57368.05622,10175.74457,466128.9118,43641.65727
Nero Morgan,non.sapien@seddictumeleifend.edu,Bahrain,0,61.10319817,38779.18396,12758.89583,581497.8874,47935.9394
Holly,accumsan@parturientmontes.net,Micronesia,1,44.17501053,60487.90116,9911.037592,478428.7174,42909.27129
Dennis N. Thompson,vitae.erat@urnaNullamlobortis.ca,Guatemala,0,41.80848339,62426.52379,6619.929677,630411.2698,46412.47781
Merrill Bailey,natoque.penatibus@nislsem.net,Ecuador,0,47.14546675,65468.1442,7248.54142,588570.8903,51402.61506
"Hardy, Hilary R.",egestas.Fusce@orciDonecnibh.com,Micronesia,1,48.83752201,71150.19894,9848.997857,480468.247,52889.56257
Glenna Graham,sodales@maurisSuspendisse.com,Bolivia,0,46.24573524,90556.62686,13872.5667,479586.9387,61593.52058
Cain Love,est.mollis.non@placerat.com,South Africa,1,43.89487464,60871.18248,4397.947571,262959.2506,36645.5609
Zane I. Boone,blandit@Cum.edu,Bahrain,1,45.13851753,62939.12851,632.0528524,455589.7973,44434.98419
Kristen,urna@vitaeodiosagittis.ca,Egypt,1,44.13391466,59712.31101,7135.98755,487564.5541,42705.11311
Holmes Lane,ac.orci@accumsaninterdum.co.uk,Laos,1,43.38998458,71716.45662,8870.714301,165866.2,39503.38829
Donovan,iaculis.odio.Nam@sedfacilisis.org,Saint Vincent and The Grenadines,1,36.42694852,40558.75456,4981.269146,283241.2769,19525.29827
Marvin Deleon,lectus.Nullam@congueelitsed.ca,Mayotte,1,52.86426773,65809.10782,4820.839445,692401.4668,59416.18101
Ali Strong,dis.parturient.montes@eratvel.com,Wallis and Futuna,1,56.07496279,62645.95516,11431.22966,613242.1668,58045.56257
Hammett A. Manning,sapien.cursus.in@netus.edu,Samoa,1,40.60178125,72299.9501,11544.93385,275389.0701,40660.38317
Kylee O. Warner,cursus.in@neque.co.uk,China,1,65.22488117,70703.85013,5025.365518,284991.7415,60763.24731
"Ashley, Macon Z.",metus.Vivamus.euismod@arcuVivamus.co.uk,Bosnia and Herzegovina,1,49.62207396,42003.01617,6052.844775,579220.0393,40022.17406
Jelani A. Wall,aliquet@Duisa.co.uk,Brazil,0,27.44024624,55369.72784,10888.93494,606851.1696,29670.83337
"Patrick, Merritt L.",ut@nonummyut.net,United Kingdom (Great Britain),0,55.25607797,59486.27073,6515.336778,228434.0508,44424.07681
"Sutton, Michelle D.",enim.Mauris@Namac.net,Madagascar,0,49.7733395,57600.59673,10340.30041,128387.9293,35848.82935
"Ross, Kermit D.",Donec@lacusQuisquepurus.net,Australia,1,35.33787621,61723.00613,9913.194941,291897.4057,30757.65726
Odette Q. Sherman,Mauris.molestie@Intincidunt.co.uk,Sierra Leone,1,53.05501309,62713.78149,11498.03993,679435.1745,57461.51158
Rigel Craft,diam.eu.dolor@Proin.com,Liechtenstein,0,50.75725473,61809.07451,2620.079459,407733.5229,47143.44008
"Knapp, Quamar P.",Maecenas.libero.est@miacmattis.com,El Salvador,0,31.97176907,73935.74201,8253.583457,625484.0917,44463.30502
Shad K. Hancock,sit.amet@Proin.org,United States,1,37.8936486,79368.91741,13501.92659,761935.5177,56457.74038
Josiah,Phasellus@Aliquamadipiscing.co.uk,Bolivia,1,29.59907959,70076.22764,1726.809885,552267.6361,38174.87433
Hanna C. Martinez,Maecenas.mi.felis@amet.co.uk,Saint Kitts and Nevis,0,60.17319938,53229.14547,10756.60888,112127.2567,41673.44617
Nolan Nixon,arcu@etultricesposuere.co.uk,Iraq,0,39.84482154,64328.27892,13860.43821,567357.0264,44001.20706
Stacy,aliquet.odio@fermentumvel.edu,Belarus,0,55.30394679,63186.12783,7122.163863,762601.0836,62028.71192
Madeson R. Salinas,Cum.sociis.natoque@acnullaIn.edu,"Bonaire, Sint Eustatius and Saba",0,48.25655639,86565.15641,13701.79986,819002.1748,70878.29664
Camden,Aliquam.adipiscing.lobortis@loremut.net,Congo (Brazzaville),1,20.0,70467.29492,100.0,494606.6334,28645.39425
"Jensen, Ebony Y.",ac@sagittisNullam.net,Portugal,0,31.75957954,64874.03368,8511.835275,528087.5277,36367.18452
Rachel E. Suarez,non.vestibulum.nec@euturpis.co.uk,Guam,1,58.9815941,70111.5398,7949.463649,239217.6732,53848.7555
"Sims, Tashya J.",aliquam@anteNuncmauris.ca,Latvia,1,62.62575416,64494.39535,8765.624109,408679.8596,58667.06865
Kieran G. Justice,in@Sed.co.uk,Samoa,1,49.4022674,70737.29383,13851.11162,266765.477,46937.17422
"Hampton, Venus Q.",elit@faucibusMorbivehicula.net,Guadeloupe,0,54.77232025,72310.39623,3093.707686,724025.4097,65592.22012
"Powers, Naomi B.",Cras.eu@vitaevelitegestas.net,Samoa,1,39.12031813,41587.39238,5397.031602,322891.7787,23517.91983
Kadeem Larsen,ornare.lectus.ante@lectusNullam.net,United Arab Emirates,0,43.62606334,82573.01132,1696.989764,562605.0655,57306.32866
Palmer Cohen,non.leo@mollis.net,"Virgin Islands, British",1,33.97602872,61177.08698,9837.222432,340663.3261,30719.8156
"Bond, Caryn Y.",libero.Proin@acnulla.net,Guinea-Bissau,1,54.40906192,52786.1971,9246.813159,556014.9704,49442.12107
Jelani,consectetuer.adipiscing.elit@vestibulumneceuismod.net,Bangladesh,1,45.76882266,58948.93261,8282.075073,205439.3663,35475.00344
Courtney,porttitor.tellus@elitelit.org,Malaysia,0,43.3654703,50051.14039,893.2353408,347177.8367,32553.53423
Heather,erat.Etiam@elementum.org,Madagascar,1,29.03452095,55433.61187,10769.75059,276466.6203,21471.11367
Reed,diam.nunc@lectusconvallisest.org,Kuwait,1,37.71663125,74445.72702,7515.152476,297964.2638,40095.0498
Kyle R. Kaufman,Morbi.vehicula@mattis.org,Israel,1,53.14119207,70842.83518,9536.899689,545946.9996,58235.41454
"Frazier, Kai O.",Cras@quamelementum.com,Liechtenstein,0,47.48853379,48591.57177,14309.21115,364858.7148,35716.31133
Quentin Randall,Fusce.aliquet@egetmassa.co.uk,Macao,0,46.54726629,57860.53103,7146.192574,445745.5544,42484.02283
Mannix Snow,elit@euismodenim.net,Monaco,0,48.7314504,56895.23153,9851.578109,580950.3967,47693.23482
Drake Chen,enim.commodo@consequatenimdiam.com,Faroe Islands,0,41.94840202,38284.02013,15467.78745,587010.5521,31696.99679
Tobias L. Sullivan,tempus.non@nasceturridiculus.ca,Poland,1,42.69544169,62563.57825,6130.305181,426488.7459,41327.16554
Cody G. Gill,sagittis.Nullam@acrisus.com,Puerto Rico,1,45.85016782,62721.40514,16127.56619,494985.5363,46054.60253
Quamar Cummings,mauris@convallisconvallisdolor.co.uk,Falkland Islands,1,56.85236475,75247.18061,13258.46631,659279.2011,67120.89878
Vernon Kidd,sapien.imperdiet.ornare@vitaeerat.edu,Macedonia,1,34.49805732,77206.48386,8493.098575,411070.4828,42213.69644
"Levy, Wesley S.",facilisis.vitae.orci@sociosquad.co.uk,Dominican Republic,1,50.72631901,62788.93529,13224.45167,192514.6431,41427.59797
Harding E. York,quis.lectus.Nullam@egestas.org,French Polynesia,1,41.56343675,61693.44352,10835.25736,620522.3842,45509.69732
Kyra,Etiam@diamluctus.org,Portugal,0,42.88453632,60862.97749,8033.550461,344060.1754,38138.57511
"Chavez, Ralph U.",Aenean@interdum.edu,Tuvalu,0,36.57271347,67548.77415,10462.35581,388284.2974,37871.7082
Kyle Evans,magnis@vitaenibh.org,Saint Kitts and Nevis,0,48.98804889,65131.25015,6206.922109,53366.13861,37252.55194
Kirestin F. Yang,eleifend.egestas.Sed@tempus.net,South Africa,1,52.77569606,44747.66132,4975.144559,793986.6155,50441.62427
Walter,metus.vitae.velit@CuraePhasellus.co.uk,Antarctica,1,44.09922748,67121.32166,12087.38116,472403.1231,46402.53583
Wing Gray,urna.nec@tempusscelerisquelorem.org,Nepal,1,49.59716524,42433.54619,7335.524826,386057.421,34642.6024
"Daugherty, Veda M.",venenatis.vel.faucibus@iaculisnec.net,Guinea,1,48.30867264,91083.73918,13148.85597,387538.2487,60960.83428
"Armstrong, Hedda N.",magnis.dis@aliquam.org,Equatorial Guinea,0,51.3613807,65245.57379,11554.2723,542777.4892,53496.48183
Julian Alexander,Integer.id.magna@consequatenimdiam.co.uk,Guinea,0,37.40628431,64315.73671,14871.36126,502946.8819,40077.57289
Harriet,amet.orci@tellus.net,Mali,0,47.46701603,58260.57232,4658.41454,507572.635,45271.46081
Tamara Guy,nec.eleifend@orci.org,Nauru,1,61.22413159,79792.13096,14245.53319,497950.2933,68678.4352
Piper,erat.neque@mattisvelitjusto.org,Malawi,0,40.47710314,40727.39196,9725.549901,508528.9957,29556.7932
Olga Serrano,risus@urnasuscipitnonummy.edu,Marshall Islands,0,43.29935025,70187.50328,6841.540577,662176.4851,52954.93121
Quinlan U. Sears,magna@velarcueu.ca,Canada,1,40.8753749,59060.08664,5841.612044,136346.3069,29417.64694
Teegan Barr,non.lorem.vitae@eratVivamus.org,Jersey,1,40.17883971,36929.35124,9719.192898,245664.3652,19553.2739
Michelle W. Ryan,ante.lectus@duiCum.net,Italy,0,47.79216388,86706.33333,9653.26498,333543.693,56499.10202
Kieran Gilliam,ac.nulla@consectetueripsumnunc.co.uk,Bolivia,0,50.75886005,42415.48867,5205.008323,520997.2385,39522.13129
"Sanders, Selma F.",velit.Pellentesque@Nullam.org,Syria,1,41.02339176,54742.3946,10342.60917,447393.4883,36125.48846
Sebastian Marks,et.eros@feugiatmetussit.net,Zimbabwe,0,55.98961549,39488.45582,10992.33383,363561.1972,37714.31659
Quin Smith,nulla@ipsum.edu,Nicaragua,0,44.3964937,37336.3383,10218.32092,430907.1673,28700.0334
Coby Charles,nec@dolornonummyac.com,Cambodia,0,50.50341115,59593.2624,12252.73058,612242.7755,51612.14311
Gemma Hendrix,lobortis@non.co.uk,Denmark,1,46.12403587,100000.0,17452.92179,188032.0778,58350.31809
Graiden Powell,pellentesque.tellus@faucibusidlibero.com,Thailand,1,42.43201208,65714.46469,12557.08133,362707.0273,41026.02421
Gabriel Carson,et@venenatis.co.uk,Equatorial Guinea,0,51.22247207,63869.64928,12860.65824,260269.0963,44418.60955
"Whitaker, Adena B.",pharetra.sed.hendrerit@accumsanneque.com,Equatorial Guinea,0,47.71401166,62175.68945,12967.284,343290.677,42919.5196
"Flores, Caldwell U.",ut@Etiamvestibulum.ca,Western Sahara,0,40.75219483,92471.17612,5404.397644,515717.7476,59096.26978
Laurel H. Snow,dui.Suspendisse.ac@tacitisociosqu.org,Andorra,1,36.40803286,69494.69783,20000.0,335809.6171,37303.56701
Ariana Nash,vel.turpis.Aliquam@consequatpurus.edu,Central African Republic,1,46.69611835,56009.73073,11030.2654,391848.6041,40004.87142
Leilani Gross,dignissim@mollisDuissit.org,Samoa,0,55.78242299,64616.6881,12378.54089,779925.7892,63738.39065
Timothy J. Terrell,orci@lobortis.com,Laos,0,47.68088058,60608.40313,8233.280719,492113.0067,46325.50959
Gil,Phasellus.fermentum@dictumplacerataugue.net,France,0,62.07084214,63956.1618,16978.52745,360787.6401,56510.13294
"Livingston, Lucas K.",porttitor.scelerisque@Aliquam.ca,Uruguay,0,50.27457289,74176.2079,11894.4244,290608.3977,50296.67496
Chancellor Patel,metus.eu.erat@suscipitnonummy.com,Heard Island and Mcdonald Islands,1,38.40326499,47127.41632,10221.15388,427011.4954,29052.09521
Lael Wright,a@consequatpurusMaecenas.com,Bhutan,1,46.26908486,58457.41492,12491.01273,410655.9947,41567.47033
Nell,Quisque.varius@arcuVivamussit.net,Botswana,1,59.16050864,49811.99062,14013.03451,337826.6382,45442.15353
Kane,iaculis.quis.pede@adipiscingenim.net,Slovakia,0,40.20042717,76086.84122,9258.181529,482866.5457,48465.27211
Alfreda V. Harrell,molestie@mi.net,Algeria,1,37.26933248,68691.17086,16305.78907,619707.4203,45805.30588
Clementine X. Powell,quis.pede@Aliquamfringilla.ca,Papua New Guinea,0,41.86361457,51539.93045,6932.950306,371355.6935,32828.03477
Rooney R. Padilla,eu.turpis@accumsansed.co.uk,Philippines,0,45.26036406,68499.69447,15436.79968,308445.8598,43401.56612
Dexter,est.arcu@in.org,Senegal,1,43.17653402,57376.4803,12878.54582,376886.359,37376.63439
Cedric Leach,felis.ullamcorper.viverra@egetmollislectus.net,Brazil,1,57.31374945,59729.1513,5358.712177,560304.0671,55915.46248
Taylor A. Patel,erat.vitae.risus@temporarcu.edu,Jamaica,1,37.94194499,74590.25495,5614.004976,573441.9724,48349.16457
Wayne,molestie.orci@condimentum.com,Cape Verde,1,52.49932303,67729.9725,10279.91264,314885.1345,49248.10595
Travis Burks,dictum@liberolacusvarius.ca,Namibia,1,52.65668022,61858.19077,5189.083564,706977.053,57441.44414
Bell K. Romero,non.sapien.molestie@rhoncus.edu,Saint Pierre and Miquelon,1,39.01360284,69897.75291,9624.908869,565814.725,46389.50237
Rafael,nonummy.Fusce@sem.net,Angola,0,43.57614914,59801.06311,8042.386734,601744.9607,45593.6849
Velma K. Moses,augue.scelerisque@luctuslobortis.com,Guam,1,47.44390371,73096.50927,10743.793,196421.7402,44577.44829
Chancellor Padilla,pharetra@nuncsedlibero.edu,Bahamas,1,47.44707409,40346.06491,11505.89906,255922.473,27889.95197
Emerald Hamilton,sit.amet.orci@facilisis.edu,Egypt,0,48.92140102,68502.10943,5831.118245,515084.1891,52474.71839
Derek X. Richards,tincidunt@porttitor.com,Croatia,1,45.27895873,66747.66857,9691.23462,221290.9818,39904.81613
Indigo P. Dejesus,quam.Pellentesque.habitant@felis.com,Cocos (Keeling) Islands,0,38.83483235,77165.81297,8737.20319,478853.3217,47805.25605
Gwendolyn Rice,Duis@metusIn.com,Laos,0,42.09853578,71847.2544,4225.328117,476088.3996,47483.85316
Kenneth Pope,vitae.sodales.at@molestiearcuSed.org,Argentina,0,51.16813904,57478.37922,2230.096344,158979.7102,37843.46619
Dahlia Cleveland,tincidunt.tempus@idsapien.co.uk,Saint Pierre and Miquelon,1,51.31671367,82358.22683,8092.475103,655934.4666,66363.89316
Nathaniel P. Stephens,Cras.dictum.ultricies@conubia.ca,Guatemala,0,31.8336316,65312.96755,11398.82486,572037.8859,37947.85125
"Shaw, Rooney Q.",Curabitur.vel@Nullam.net,Mayotte,0,48.09742994,47227.01542,11312.51035,642335.1021,43503.97349
Tiger I. Melton,rhoncus@nisl.net,Israel,1,44.31436254,54918.38749,8920.385015,347017.8331,36086.93161
Jolene,erat.neque.non@elit.com,Viet Nam,1,55.9330891,77657.56243,14438.24233,622831.922,66648.25077
Alma Pope,Nunc.mauris.Morbi@turpis.org,Namibia,0,55.63031699,61388.62709,14270.00731,341691.9337,49091.97185
Curran,risus@Sedmalesuada.net,Tokelau,1,37.36362599,51111.76605,9057.600508,461366.7829,31408.62631
Len B. Finley,dis@dis.edu,Greenland,1,50.69496793,63678.15468,5011.615145,563498.6636,52654.40455
Ulysses X. Burch,Sed.nunc.est@arcuMorbi.edu,Kyrgyzstan,0,51.29771627,74810.89471,13658.34201,286849.7875,51405.55229
Lester J. Burch,Nunc.mauris@commodo.com,Turkmenistan,0,40.60183491,73498.30715,3066.939924,491904.1899,47610.11718
Trevor Faulkner,ut@vitaesodales.net,Uganda,0,40.41469076,71271.84407,13122.45694,411045.8332,43855.06077
Rhonda,Sed.congue.elit@faucibusleo.ca,Hungary,0,41.35450195,79064.9559,7221.667169,365871.4992,47719.47741
Yoshio Potter,fringilla.cursus.purus@dolorvitae.ca,Martinique,1,44.50599147,52632.97124,12348.67783,293999.9427,33428.40183
Gareth Morris,est.Nunc.laoreet@nullavulputatedui.edu,Iceland,0,54.55868922,69236.68608,9842.842611,242495.9886,49730.53339
Todd Bass,Lorem.ipsum.dolor@et.edu,Lebanon,0,47.69031054,53870.48483,14720.53399,701782.528,48622.66097
Ulysses Craig,sit.amet@orci.ca,Laos,1,51.03125632,83626.30783,8458.749819,167031.5554,52665.36511
Barclay,diam.Proin@ut.edu,"Saint Helena, Ascension and Tristan da Cunha",0,56.28750886,54441.72437,4362.720324,432850.4157,48383.69071
Marny Obrien,Phasellus@sedsemegestas.org,Armenia,0,46.58474463,58139.2591,3440.823799,630059.0274,48013.6141
"Casey, Sylvia E.",Integer.vitae.nibh@a.org,Tanzania,0,42.2652013,56174.3433,10394.57246,398011.5804,36543.93642
Rogan,pulvinar@porttitortellus.ca,Jamaica,1,53.9049485,75892.3053,8110.946984,177878.1758,51046.42226
Raya Shields,tincidunt.aliquam@orciluctuset.com,Viet Nam,0,53.05769018,47228.35999,9046.182396,456634.2073,42297.5062
"Oconnor, Linus Q.",Donec.elementum@Fuscemilorem.co.uk,Mayotte,0,50.50648739,82094.10712,1065.607589,577272.6805,63248.76188
Sharon Sharpe,eget.metus@aaliquetvel.co.uk,United Arab Emirates,0,55.24486604,72776.00382,10597.63814,146344.8965,49510.03356
Baker Saunders,Aliquam.nisl@hendreritidante.org,Lithuania,0,51.3001589,34154.77654,5316.010491,216355.3406,26499.31418
Rachel Ashley,tincidunt.tempus.risus@posuerecubiliaCurae.co.uk,Turkey,0,42.44978638,66417.66597,9183.327621,513340.0097,45805.67186
"Bradford, Daquan F.",Nunc@euarcuMorbi.ca,United States,1,43.57649526,47230.92278,4421.153379,558001.0241,37259.84386
Laurel,felis@orciconsectetuereuismod.ca,India,0,43.30468502,68921.40213,8120.204455,515012.2804,47979.48549
Caldwell,amet@congue.edu,Iceland,1,36.2452565,67508.12293,10188.68685,141587.6498,30419.8
Quinlan S. Cantu,pede.Praesent.eu@Aliquam.net,French Polynesia,1,45.42714869,72316.18286,8728.916803,279393.491,44846.68557
Dominic I. Faulkner,pharetra.Nam@sociisnatoque.org,Tonga,0,47.79777532,65530.36401,8774.069514,210573.7042,41034.28343
Uriah,molestie@commodoauctorvelit.co.uk,Niger,1,44.95472657,80015.83115,9064.618618,508555.1592,55420.56668
Olivia,lacus.vestibulum.lorem@gravidaAliquamtincidunt.ca,Grenada,0,40.99660693,57303.83325,10836.41709,258194.8443,32061.6467
"Dudley, Ryder M.",sed@sedtortor.co.uk,Falkland Islands,1,35.48520024,56807.01728,8851.564939,385250.7163,30826.10903
Tate C. Foster,dignissim.magna@Maurisvel.edu,Viet Nam,1,69.56930586,41434.51258,6810.555606,252220.2937,47009.57741
Nora X. Decker,non.enim@diam.org,Congo (Brazzaville),0,51.84166929,65446.65687,8491.586154,571564.7901,54850.38742
Cathleen E. Ortega,lectus@aliquamenim.org,Ghana,0,55.04901266,45757.15568,11207.01556,465709.8937,43405.89086
Zenia H. Patel,dis@tortor.com,Puerto Rico,1,39.98349575,57455.7609,12186.02793,159727.8753,28440.81268
Veda,et.euismod@Duis.co.uk,Luxembourg,1,42.78726724,71753.30877,9119.791422,400703.2655,45824.5656
Octavius C. Spencer,Curabitur.consequat@miDuisrisus.com,Bangladesh,0,32.87492543,61889.61618,12024.48457,133226.0617,24184.07443
Neville,felis.Nulla@mi.ca,Mauritania,0,41.7050595,61575.9502,594.8049491,497197.264,41984.62412
Cheryl,iaculis.enim@nislelementum.edu,Indonesia,1,36.65996988,66923.43536,8611.468093,522814.817,41489.64123
"Chambers, Avram C.",Nunc.pulvinar.arcu@ultricesaauctor.ca,Isle of Man,1,62.86886081,75719.22986,10515.28135,474485.6659,67092.23276
"Nieves, Bertha O.",dolor@velitegestas.org,American Samoa,0,42.1200795,38453.86033,15283.41752,320834.0102,24221.99937
Rae C. Hodge,lacus@massaSuspendisse.ca,Kiribati,0,55.34658335,70914.59993,9644.41026,779143.6005,66888.93694
Quail D. Horne,sit.amet@FuscemollisDuis.org,Uganda,0,52.13426592,57262.79581,7793.073201,322150.3542,43264.04965
Holmes Irwin,Nunc.sed.orci@Namligulaelit.net,Mauritius,1,47.65948559,67247.07698,9851.689538,368344.0637,46453.34819
Eric Noel,lacinia.at.iaculis@Fuscefermentumfermentum.edu,Mozambique,1,38.7730024,50943.16256,10816.8855,299734.1278,27815.73813
Mariam I. Montgomery,vel.mauris@accumsanneque.co.uk,Grenada,1,46.56694116,68431.27055,14088.90642,383693.2041,46643.26581
Seth,dignissim@nibhPhasellus.com,Turks and Caicos Islands,0,48.59322101,63718.8812,11863.06428,298920.0067,43242.58224
Ulric Robles,fringilla@ornare.edu,Malta,1,48.24884664,86067.83527,9181.06743,335652.6234,56579.90338
"Dyer, Aline L.",convallis@scelerisque.net,Maldives,0,44.2639884,66932.47176,11033.16277,149761.1281,37084.77621
Quincy Q. Ayers,nisl.Nulla@Donecelementumlorem.net,Belarus,0,41.87168381,70361.01504,12024.72511,575500.7687,49336.11628
Dominic Mcintosh,Cras.vehicula@nibhPhasellusnulla.net,Venezuela,0,43.77824898,75460.52362,6280.929547,296972.4085,45738.3343
Francesca Cervantes,leo@sitametdapibus.edu,Mongolia,1,36.67318264,72471.81532,11216.88676,583523.0762,46381.13111
"Church, Lareina E.",lectus.rutrum.urna@nisinibh.co.uk,Honduras,0,40.2012564,47569.44212,7840.293189,281690.8431,26599.90843
Harlan Barnes,eu.dolor@diam.co.uk,Belize,0,40.87062335,66646.89292,9572.957136,530973.9078,45115.52566
Trevor,Sed@Pellentesquetincidunttempus.edu,Chile,0,32.59143047,54447.15275,13141.31969,284155.4155,24134.59205
Justine,orci.adipiscing@penatibuset.com,Venezuela,1,52.96776171,62979.60196,14297.25366,247421.9185,45015.67953
Quon Carroll,sodales@pharetra.com,Åland Islands,0,40.08331711,74445.08168,7915.758178,527420.7269,48734.35708
Nathan,Nam.interdum.enim@et.com,Isle of Man,1,43.13272875,72016.92459,11602.74297,205006.2161,40589.8625
Cally Montoya,sit@pedeCum.ca,Sierra Leone,1,33.02638894,71055.41924,6147.918843,441527.0144,38399.46139
Vaughan L. Mathis,eu@iaculis.org,Bhutan,1,50.49435621,60382.17885,11302.88277,490444.4111,48518.90163
Quon Hull,nascetur.ridiculus.mus@dignissim.co.uk,Senegal,0,46.31841716,65311.68225,7988.753685,215673.5384,39810.34817
Yardley W. Jacobson,enim.non.nisi@Ut.net,Saint Pierre and Miquelon,1,54.49187591,47684.46306,10128.76114,613372.8917,48300.02057
Adrienne,mauris.Morbi@ligulatortordictum.net,Kyrgyzstan,0,38.03912192,75901.81829,6512.71102,357468.1866,42905.53815
"Cote, Evangeline F.",lorem.tristique.aliquet@estNunclaoreet.net,Belgium,1,43.12954854,54236.62092,7275.314728,432447.5324,37183.10293
Desirae Stone,Morbi.sit@Aliquamfringilla.ca,Ghana,1,58.61073311,50667.69759,9871.403591,536665.0464,51221.04249
"Holloway, Brennan Q.",fringilla.purus.mauris@risusatfringilla.ca,Morocco,1,42.12055603,63875.20999,11397.68601,188327.5831,34678.83226
Brock,Vivamus.nisi@elitpharetraut.ca,United States Minor Outlying Islands,1,41.6796235,58243.17992,15149.03426,649323.7878,44500.81936
Morgan William,sociis.natoque.penatibus@uterat.ca,Vanuatu,0,46.23366001,68107.93144,7813.602657,455609.1429,48266.75516
"Burke, Simon H.",lacinia@Nullam.com,Morocco,1,38.63314682,55618.06942,7557.657205,854283.5574,46398.35204
Gray F. Walker,lobortis.Class.aptent@iaculis.com,Turkmenistan,0,45.21937869,72939.83195,7787.204492,589669.6573,54013.47595
Zahir A. Estes,eleifend.vitae@Pellentesquehabitantmorbi.ca,Norfolk Island,1,48.04509497,56118.39601,9242.775995,586717.4715,46846.7305
Tatum Moon,Cras.sed.leo@Seddiamlorem.ca,"Palestine, State of",0,48.49651504,68304.47298,9466.995128,420322.0702,49258.87571
"Cameron, Kimberley P.",nec.tellus@lacinia.co.uk,Namibia,1,55.01756589,83333.81054,9874.075327,1000000.0,80000.0
Eagan Woodward,varius.et@Maecenas.edu,Indonesia,1,58.42573253,58065.25694,4204.920492,388498.5102,50937.93844
"Munoz, Kennedy K.",dolor@nislelementumpurus.edu,Bouvet Island,1,42.06422454,71371.92544,7094.827,321431.279,42704.3221
Tanisha H. Foster,sem.vitae@malesuadafringillaest.net,Andorra,0,49.89768983,53587.12801,8501.49728,811594.0392,53502.97742
Hakeem Mendoza,Maecenas@scelerisquelorem.ca,Kuwait,1,36.195148,52477.66494,12071.41684,97706.89181,20653.21409
"Sexton, Shaeleigh H.",Cras.convallis.convallis@Fuscealiquam.net,Niue,1,35.37227549,40300.49467,8828.164449,719846.9824,31146.71078
Nolan,Donec.at@neccursus.co.uk,Latvia,0,55.08772031,72424.80112,9831.184792,523680.7699,60117.67886
Lucian Medina,rutrum@temporbibendum.com,Aruba,0,42.60482241,51419.01644,9026.061543,362564.346,33131.52734
"Jimenez, Joel G.",faucibus.lectus.a@ut.net,Iraq,0,50.69628655,74418.55717,8632.699007,472761.6208,56071.61377
Isaac,pretium.aliquet.metus@pretiumneque.com,Saint Kitts and Nevis,0,50.80193441,65846.5096,9141.668545,531840.3342,53049.44567
"Schultz, Lee I.",velit.eget.laoreet@quis.ca,Algeria,1,47.42452905,67647.74764,8767.783547,787984.2882,58641.71051
Serena B. Moody,vitae.risus.Duis@hymenaeos.edu,French Guiana,1,57.27478648,41236.36497,9399.342975,466988.2602,42773.75905
Rafael Peterson,lectus.a.sollicitudin@tortorat.net,Sri Lanka,1,52.46564908,35069.41886,1851.979839,353757.5057,31978.9799
"Macdonald, Rahim B.",augue.eu@nisi.edu,South Georgia and The South Sandwich Islands,1,31.89622257,60384.34541,11518.29175,589180.4485,35726.95299
Magee Davidson,Quisque@tempor.net,Turks and Caicos Islands,1,41.1638484,38406.7789,11023.00268,451846.1995,27187.23914
Brandon,non@purusaccumsaninterdum.com,Suriname,0,32.79649861,87598.01501,10814.57915,485563.7363,48785.15839
Eric Green,arcu.vel.quam@magnaPraesentinterdum.co.uk,French Polynesia,0,38.41372649,64867.14911,13962.95284,498441.5687,41104.07108
Urielle,est.congue@Nunc.edu,Canada,0,52.61004535,76318.87883,6392.211408,245216.1691,52150.41786
Seth Massey,in.aliquet@fermentumvel.com,Jordan,1,51.27542204,48958.90535,2418.86434,615672.4681,46380.44732
Vanna,Cum.sociis.natoque@Sedmolestie.edu,Zimbabwe,1,37.64199977,56039.49793,12301.45679,360419.0988,31491.41457
Stone Hunt,convallis.erat@eratvel.org,Northern Mariana Islands,0,62.667962,44617.98314,9683.735879,251702.1158,42978.34626
Isaiah Harding,pede.blandit@disparturient.net,Bouvet Island,1,33.20331461,76916.41515,13923.96207,315183.5688,38182.30465
Dorian Hernandez,conubia.nostra.per@diam.co.uk,Benin,1,50.16597776,46609.51626,7592.019748,409419.5797,38147.81018
Reese Vance,egestas@malesuadavelvenenatis.com,Taiwan,1,41.44430677,60181.40633,7094.896557,390312.1715,37883.24231
"Reese, Sylvia H.",Proin.nisl.sem@Maecenasmalesuada.co.uk,Turks and Caicos Islands,1,43.07820399,52664.71719,14435.74305,411932.8191,35659.12237
Honorato M. Butler,Cum.sociis.natoque@purus.ca,Sao Tome and Principe,1,42.62791487,72002.0552,14709.65824,568947.7487,50702.18103
Brendan G. Kelley,vel@lorem.org,Venezuela,1,43.25105758,66013.95174,7039.540023,610942.1408,49079.61942
Zelenia Byers,auctor.non@sapien.co.uk,Angola,0,48.08111958,64347.34531,10905.36628,307226.0977,43402.31525
"Rush, Jarrod T.",vestibulum.nec.euismod@netusetmalesuada.ca,Mongolia,1,52.47484301,56444.76848,11932.73881,69821.6376,35781.16156
Kai,velit@molestie.com,Greenland,0,48.14631737,45362.66982,2524.992105,399437.5235,35457.1486
Hector Price,Aliquam.nisl@semegetmassa.co.uk,Martinique,1,57.28482392,72637.84482,14938.50613,352507.9012,57125.41541
Rachel H. Ballard,ipsum.leo.elementum@amet.org,Saint Vincent and The Grenadines,1,55.54961038,66779.91374,14300.12614,202576.6196,48025.02542
Aristotle,ac@non.com,Namibia,0,42.22095552,65605.41798,13629.1104,297540.8814,38901.60925
Gannon Marquez,Aliquam@porttitor.net,Mauritania,1,41.17366372,65554.4018,12026.57975,462613.8587,42774.35579
"Holmes, Ross Y.",velit@Pellentesquetincidunttempus.net,Bulgaria,1,62.62213572,60409.75787,9611.317626,255285.4063,51922.07691
Evangeline G. Cooper,Integer.id.magna@Sedidrisus.org,Saint Barthélemy,1,47.45421163,72025.6768,6988.652757,222341.0342,44736.41097
Cameran,tristique@ligulaAliquam.net,Mauritania,0,48.14257112,56944.87077,16449.0665,116407.5289,33766.6413
"Russo, Fleur N.",erat@at.edu,Kuwait,0,43.70539661,70136.82862,7765.975483,555993.1081,50188.86612
Lillith H. Larsen,dignissim.lacus.Aliquam@maurissapien.com,Thailand,1,39.69651573,67772.66646,6887.248301,134188.4492,33261.00057
"Gross, Cedric D.",aliquam.adipiscing@maurissapien.edu,Bhutan,0,37.07521505,78804.99824,12710.00309,315058.7167,42497.72862
Orson Hyde,gravida.sit@eget.net,Djibouti,1,37.49764004,68688.40199,15796.31838,375889.6381,38930.55234
Oren Rosario,ultrices.Vivamus.rhoncus@lacusMauris.net,Slovenia,1,53.38095524,69255.98753,18361.24915,339207.2774,51551.67997
Stuart Reed,elementum@SeddictumProin.net,Serbia,1,49.83912893,52373.79446,11347.62967,633383.4925,47604.34591
"Blair, Abra U.",montes@Loremipsum.edu,Belize,1,36.71815503,70621.52393,9384.067625,366327.7432,39083.94268
Gage Marquez,malesuada.vel@dictum.co.uk,Guam,0,43.14281871,46261.42666,16767.2636,759479.4596,42187.6828
"Houston, Grant O.",ut.aliquam@egetlacusMauris.ca,Bermuda,1,34.72822141,72948.11812,12664.32052,360457.0496,38545.80328
Jared Green,laoreet@sagittis.edu,Macao,0,43.42751716,50889.34054,11041.17891,448601.9484,36019.9556
Seth,Nulla.aliquet@sedturpisnec.co.uk,Bosnia and Herzegovina,1,47.5469052,45368.15561,12203.48778,577058.1773,40102.11417
"Caldwell, Yolanda F.",ac.facilisis.facilisis@necmalesuada.com,Czech Republic,0,48.07331843,50017.38154,7514.393035,160487.0006,31083.70271
Lael W. Sheppard,eu.metus@sodalespurusin.net,Armenia,1,36.3286175,67249.05932,12998.47232,396793.4734,37744.54285
India,risus.at.fringilla@feugiat.ca,Nigeria,0,54.52160505,32697.98161,10858.02526,218808.7553,28463.64326
Dolan Clayton,justo@est.ca,Liechtenstein,0,47.74046488,57005.18595,12416.79083,408147.0405,41913.53713
Marla,Camaron.marla@hotmail.com,marlal,1,46.73115245,61370.67766,9391.341628,462946.4924,45107.22566
Blythe Romero,Sed.eu@risusNuncac.co.uk,Sudan,1,51.90047138,63435.86304,11878.03779,480588.2345,51130.95379
Malachi Henson,adipiscing.elit@Nunc.com,Croatia,1,52.68904044,72226.5603,5817.153854,623033.482,60865.76396
Marvin Becker,congue.elit@vestibulumneceuismod.ca,Reunion,0,56.2157522,57393.82872,5627.803654,411831.0371,49373.37555
Tanner Ward,diam@orciUt.ca,Togo,0,41.7960136,51075.46118,12416.84845,450402.2932,34803.82395
Urielle M. Contreras,elit.Aliquam.auctor@dolor.org,Bolivia,0,35.37515645,33422.99683,8570.611562,211168.6293,12536.93842
"West, April J.",ante@nisi.org,Marshall Islands,0,45.30594136,63561.04525,3730.11972,608019.6308,49348.88394
Brady,massa@nec.co.uk,Malta,1,57.97429301,41409.2939,8211.34092,421318.9764,42139.64528
Brian Mathews,vulputate.mauris.sagittis@orciluctus.com,Bhutan,1,30.49235339,68289.18229,7357.787011,404457.3099,33640.73697
